title,rental_duration,avg
Academy Dinosaur,6,0.99000000000000000000
Ace Goldfinger,3,4.9900000000000000
Adaptation Holes,7,2.9900000000000000
Affair Prejudice,5,2.9900000000000000
African Egg,6,2.9900000000000000
Agent Truman,3,2.9900000000000000
Airplane Sierra,6,4.9900000000000000
Airport Pollock,6,4.9900000000000000
Alabama Devil,3,2.9900000000000000
Aladdin Calendar,6,4.9900000000000000
Alamo Videotape,6,0.99000000000000000000
Alaska Phantom,6,0.99000000000000000000
Ali Forever,4,4.9900000000000000
Alice Fantasia,6,0.99000000000000000000
Alien Center,5,2.9900000000000000
Alley Evolution,6,2.9900000000000000
Alone Trip,3,0.99000000000000000000
Alter Victory,6,0.99000000000000000000
Amadeus Holy,6,0.99000000000000000000
Amelie Hellfighters,4,4.9900000000000000
American Circus,3,4.9900000000000000
Amistad Midsummer,6,2.9900000000000000
Anaconda Confessions,3,0.99000000000000000000
Analyze Hoosiers,6,2.9900000000000000
Angels Life,3,2.9900000000000000
Annie Identity,3,0.99000000000000000000
Anonymous Human,7,0.99000000000000000000
Anthem Luke,5,4.9900000000000000
Antitrust Tomatoes,5,2.9900000000000000
Anything Savannah,4,2.9900000000000000
Apache Divine,5,4.9900000000000000
Apocalypse Flamingos,6,4.9900000000000000
Apollo Teen,5,2.9900000000000000
Arabia Dogma,6,0.99000000000000000000
Arachnophobia Rollercoaster,4,2.9900000000000000
Argonauts Town,7,0.99000000000000000000
Arizona Bang,3,2.9900000000000000
Ark Ridgemont,6,0.99000000000000000000
Armageddon Lost,5,0.99000000000000000000
Army Flintstones,4,0.99000000000000000000
Arsenic Independence,4,0.99000000000000000000
Artist Coldblooded,5,2.9900000000000000
Atlantis Cause,6,2.9900000000000000
Attacks Hate,5,4.9900000000000000
Attraction Newton,5,4.9900000000000000
Autumn Crow,3,4.9900000000000000
Baby Hall,5,4.9900000000000000
Backlash Undefeated,3,4.9900000000000000
Badman Dawn,6,2.9900000000000000
Baked Cleopatra,3,2.9900000000000000
Balloon Homeward,5,2.9900000000000000
Ballroom Mockingbird,6,0.99000000000000000000
Bang Kwai,5,2.9900000000000000
Banger Pinocchio,5,0.99000000000000000000
Barbarella Streetcar,6,2.9900000000000000
Barefoot Manchurian,6,2.9900000000000000
Basic Easy,4,2.9900000000000000
Beach Heartbreakers,6,2.9900000000000000
Bear Graceland,4,2.9900000000000000
Beast Hunchback,3,4.9900000000000000
Beauty Grease,5,4.9900000000000000
Bed Highball,5,2.9900000000000000
Bedazzled Married,6,0.99000000000000000000
Beethoven Exorcist,6,0.99000000000000000000
Behavior Runaway,3,4.9900000000000000
Beneath Rush,6,0.99000000000000000000
Berets Agent,5,2.9900000000000000
Betrayed Rear,5,4.9900000000000000
Beverly Outlaw,3,2.9900000000000000
Bikini Borrowers,7,4.9900000000000000
Bilko Anonymous,3,4.9900000000000000
Bill Others,6,2.9900000000000000
Bingo Talented,5,2.9900000000000000
Birch Antitrust,4,4.9900000000000000
Bird Independence,6,4.9900000000000000
Birdcage Casper,4,0.99000000000000000000
Birds Perdition,5,4.9900000000000000
Blackout Private,7,2.9900000000000000
Blade Polish,5,0.99000000000000000000
Blanket Beverly,7,2.9900000000000000
Blindness Gun,6,4.9900000000000000
Blood Argonauts,3,0.99000000000000000000
Blues Instinct,5,2.9900000000000000
Boiled Dares,7,4.9900000000000000
Bonnie Holocaust,4,0.99000000000000000000
Boogie Amelie,6,4.9900000000000000
Boondock Ballroom,7,0.99000000000000000000
Born Spinal,7,4.9900000000000000
Borrowers Bedazzled,7,0.99000000000000000000
Boulevard Mob,3,0.99000000000000000000
Bound Cheaper,5,0.99000000000000000000
Bowfinger Gables,7,4.9900000000000000
Brannigan Sunrise,4,4.9900000000000000
Braveheart Human,7,2.9900000000000000
Breakfast Goldfinger,5,4.9900000000000000
Breaking Home,4,2.9900000000000000
Bride Intrigue,7,0.99000000000000000000
Bright Encounters,4,4.9900000000000000
Bringing Hysterical,7,2.9900000000000000
Brooklyn Desert,7,4.9900000000000000
Brotherhood Blanket,3,0.99000000000000000000
Bubble Grosse,4,4.9900000000000000
Bucket Brotherhood,7,4.9900000000000000
Bugsy Song,4,2.9900000000000000
Bull Shawshank,6,0.99000000000000000000
Bulworth Commandments,4,2.9900000000000000
Bunch Minds,4,2.9900000000000000
Butch Panther,6,0.99000000000000000000
Butterfly Chocolat,3,0.99000000000000000000
Cabin Flash,4,0.99000000000000000000
Caddyshack Jedi,3,0.99000000000000000000
Calendar Gunfight,4,4.9900000000000000
California Birds,4,4.9900000000000000
Camelot Vacation,3,0.99000000000000000000
Campus Remember,5,2.9900000000000000
Candidate Perdition,4,2.9900000000000000
Candles Grapes,6,4.9900000000000000
Canyon Stock,7,0.99000000000000000000
Caper Motions,6,0.99000000000000000000
Caribbean Liberty,3,4.9900000000000000
Carol Texas,4,2.9900000000000000
Carrie Bunch,7,0.99000000000000000000
Casablanca Super,6,4.9900000000000000
Casper Dragonfly,3,4.9900000000000000
Cassidy Wyoming,5,2.9900000000000000
Casualties Encino,3,4.9900000000000000
Cat Coneheads,5,4.9900000000000000
Catch Amistad,7,0.99000000000000000000
Cause Date,3,2.9900000000000000
Celebrity Horn,7,0.99000000000000000000
Center Dinosaur,5,4.9900000000000000
Chainsaw Uptown,6,0.99000000000000000000
Chamber Italian,7,4.9900000000000000
Champion Flatliners,4,4.9900000000000000
Chance Resurrection,3,2.9900000000000000
Chaplin License,7,2.9900000000000000
Charade Duffel,3,2.9900000000000000
Chariots Conspiracy,5,2.9900000000000000
Chasing Fight,7,4.9900000000000000
Cheaper Clyde,6,0.99000000000000000000
Chicago North,6,4.9900000000000000
Chicken Hellfighters,3,0.99000000000000000000
Chill Luck,6,0.99000000000000000000
Chinatown Gladiator,7,4.9900000000000000
Chisum Behavior,5,4.9900000000000000
Chitty Lock,6,2.9900000000000000
Chocolat Harry,5,0.99000000000000000000
Chocolate Duck,3,2.9900000000000000
Christmas Moonshine,7,0.99000000000000000000
Cider Desire,7,2.9900000000000000
Cincinatti Whisperer,5,4.9900000000000000
Circus Youth,5,2.9900000000000000
Citizen Shrek,7,0.99000000000000000000
Clash Freddy,6,2.9900000000000000
Cleopatra Devil,6,0.99000000000000000000
Clerks Angels,3,4.9900000000000000
Clockwork Paradise,7,0.99000000000000000000
Clones Pinocchio,6,2.9900000000000000
Closer Bang,5,4.9900000000000000
Club Graffiti,4,0.99000000000000000000
Clue Grail,6,4.9900000000000000
Clueless Bucket,4,2.9900000000000000
Clyde Theory,4,0.99000000000000000000
Coast Rainbow,4,0.99000000000000000000
Coldblooded Darling,7,4.9900000000000000
Color Philadelphia,6,2.9900000000000000
Coma Head,6,4.9900000000000000
Comancheros Enemy,5,0.99000000000000000000
Comforts Rush,3,2.9900000000000000
Command Darling,5,4.9900000000000000
Commandments Express,6,4.9900000000000000
Coneheads Smoochy,7,4.9900000000000000
Confessions Maguire,7,4.9900000000000000
Confidential Interview,6,4.9900000000000000
Confused Candles,3,2.9900000000000000
Congeniality Quest,6,0.99000000000000000000
Connecticut Tramp,4,4.9900000000000000
Connection Microcosmos,6,0.99000000000000000000
Conquerer Nuts,4,4.9900000000000000
Conspiracy Spirit,4,2.9900000000000000
Contact Anonymous,7,2.9900000000000000
Control Anthem,7,4.9900000000000000
Conversation Downhill,4,4.9900000000000000
Core Suit,3,2.9900000000000000
Cowboy Doom,3,2.9900000000000000
Craft Outfield,6,0.99000000000000000000
Cranes Reservoir,5,2.9900000000000000
Crazy Home,7,2.9900000000000000
Creatures Shakespeare,3,0.99000000000000000000
Creepers Kane,5,4.9900000000000000
Crooked Frogmen,6,0.99000000000000000000
Crossing Divorce,4,4.9900000000000000
Crossroads Casualties,5,2.9900000000000000
Crow Grease,6,0.99000000000000000000
Crowds Telemark,3,4.9900000000000000
Cruelty Unforgiven,7,0.99000000000000000000
Crusade Honey,4,2.9900000000000000
Crystal Breaking,6,2.9900000000000000
Cupboard Sinners,4,2.9900000000000000
Curtain Videotape,7,0.99000000000000000000
Cyclone Family,7,2.9900000000000000
Daddy Pittsburgh,5,4.9900000000000000
Daisy Menagerie,5,4.9900000000000000
Dalmations Sweden,4,0.99000000000000000000
Dances None,3,0.99000000000000000000
Dancing Fever,6,0.99000000000000000000
Dangerous Uptown,7,4.9900000000000000
Dares Pluto,7,2.9900000000000000
Darkness War,6,2.9900000000000000
Darko Dorado,3,4.9900000000000000
Darling Breaking,7,4.9900000000000000
Darn Forrester,7,4.9900000000000000
Date Speed,4,0.99000000000000000000
Daughter Madigan,3,4.9900000000000000
Dawn Pond,4,4.9900000000000000
Day Unfaithful,3,4.9900000000000000
Dazed Punk,6,4.9900000000000000
Deceiver Betrayed,7,0.99000000000000000000
Deep Crusade,6,4.9900000000000000
Deer Virginian,7,2.9900000000000000
Deliverance Mulholland,4,0.99000000000000000000
Desert Poseidon,4,4.9900000000000000
Desire Alien,7,2.9900000000000000
Desperate Trainspotting,7,4.9900000000000000
Destination Jerk,3,0.99000000000000000000
Destiny Saturday,4,4.9900000000000000
Details Packer,4,4.9900000000000000
Detective Vision,4,0.99000000000000000000
Devil Desire,6,4.9900000000000000
Diary Panic,7,2.9900000000000000
Dinosaur Secretary,7,2.9900000000000000
Dirty Ace,7,2.9900000000000000
Disciple Mother,3,0.99000000000000000000
Disturbing Scarface,6,2.9900000000000000
Divide Monster,6,2.9900000000000000
Divine Resurrection,4,2.9900000000000000
Divorce Shining,3,2.9900000000000000
Doctor Grail,4,2.9900000000000000
Dogma Family,5,4.9900000000000000
Dolls Rage,7,2.9900000000000000
Donnie Alley,4,0.99000000000000000000
Doom Dancing,4,0.99000000000000000000
Doors President,3,4.9900000000000000
Dorado Notting,5,4.9900000000000000
Double Wrath,4,0.99000000000000000000
Doubtfire Labyrinth,5,4.9900000000000000
Downhill Enough,3,0.99000000000000000000
Dozen Lion,6,4.9900000000000000
Dracula Crystal,7,0.99000000000000000000
Dragon Squad,4,0.99000000000000000000
Dragonfly Strangers,6,4.9900000000000000
Dream Pickup,6,2.9900000000000000
Drifter Commandments,5,4.9900000000000000
Driver Annie,4,2.9900000000000000
Driving Polish,6,4.9900000000000000
Drop Waterfront,6,4.9900000000000000
Drumline Cyclone,3,0.99000000000000000000
Drums Dynamite,6,0.99000000000000000000
Duck Racer,4,2.9900000000000000
Dude Blindness,3,4.9900000000000000
Duffel Apocalypse,5,0.99000000000000000000
Dumbo Lust,5,0.99000000000000000000
Durham Panky,6,4.9900000000000000
Dwarfs Alter,6,2.9900000000000000
Dying Maker,5,4.9900000000000000
Dynamite Tarzan,4,0.99000000000000000000
Eagles Panky,4,4.9900000000000000
Early Home,6,4.9900000000000000
Earring Instinct,3,0.99000000000000000000
Earth Vision,7,0.99000000000000000000
Easy Gladiator,5,4.9900000000000000
Edge Kissing,5,4.9900000000000000
Effect Gladiator,6,0.99000000000000000000
Egg Igby,4,2.9900000000000000
Egypt Tenenbaums,3,0.99000000000000000000
Element Freddy,6,4.9900000000000000
Elephant Trojan,4,4.9900000000000000
Elf Murder,4,4.9900000000000000
Elizabeth Shane,7,4.9900000000000000
Empire Malkovich,7,0.99000000000000000000
Encino Elf,6,0.99000000000000000000
Encounters Curtain,5,0.99000000000000000000
Ending Crowds,6,0.99000000000000000000
Enemy Odds,5,4.9900000000000000
English Bulworth,3,0.99000000000000000000
Enough Raging,7,2.9900000000000000
Entrapment Satisfaction,5,0.99000000000000000000
Escape Metropolis,7,2.9900000000000000
Eve Resurrection,5,4.9900000000000000
Everyone Craft,4,0.99000000000000000000
Evolution Alter,5,0.99000000000000000000
Excitement Eve,3,0.99000000000000000000
Exorcist Sting,6,2.9900000000000000
Expecations Natural,5,4.9900000000000000
Expendable Stallion,3,0.99000000000000000000
Express Lonely,5,2.9900000000000000
Extraordinary Conquerer,6,2.9900000000000000
Eyes Driving,4,2.9900000000000000
Factory Dragon,4,0.99000000000000000000
Falcon Volume,5,4.9900000000000000
Family Sweet,4,0.99000000000000000000
Fantasia Park,5,2.9900000000000000
Fantasy Troopers,6,0.99000000000000000000
Fargo Gandhi,3,2.9900000000000000
Fatal Haunted,6,2.9900000000000000
Feathers Metal,3,0.99000000000000000000
Fellowship Autumn,6,4.9900000000000000
Ferris Mother,3,2.9900000000000000
Feud Frogmen,6,0.99000000000000000000
Fever Empire,5,4.9900000000000000
Fiction Christmas,4,0.99000000000000000000
Fiddler Lost,4,4.9900000000000000
Fidelity Devil,5,4.9900000000000000
Fight Jawbreaker,3,0.99000000000000000000
Finding Anaconda,4,0.99000000000000000000
Fire Wolves,5,4.9900000000000000
Fireball Philadelphia,4,0.99000000000000000000
Firehouse Vietnam,7,0.99000000000000000000
Fish Opus,4,2.9900000000000000
Flamingos Connecticut,4,4.9900000000000000
Flash Wars,3,4.9900000000000000
Flatliners Killer,5,2.9900000000000000
Flight Lies,7,4.9900000000000000
Flintstones Happiness,3,4.9900000000000000
Floats Garden,6,2.9900000000000000
Flying Hook,6,2.9900000000000000
Fool Mockingbird,3,4.9900000000000000
Forever Candidate,7,2.9900000000000000
Forrest Sons,4,2.9900000000000000
Forrester Comancheros,7,4.9900000000000000
Forward Temple,6,2.9900000000000000
Frankenstein Stranger,7,0.99000000000000000000
Freaky Pocus,7,2.9900000000000000
Freddy Storm,6,4.9900000000000000
Freedom Cleopatra,5,0.99000000000000000000
French Holiday,5,4.9900000000000000
Frida Slipper,6,2.9900000000000000
Frisco Forrest,6,4.9900000000000000
Frogmen Breaking,5,0.99000000000000000000
Frontier Cabin,6,4.9900000000000000
Frost Head,5,0.99000000000000000000
Fugitive Maguire,7,4.9900000000000000
Full Flatliners,6,2.9900000000000000
Fury Murder,3,0.99000000000000000000
Gables Metropolis,3,0.99000000000000000000
Galaxy Sweethearts,4,4.9900000000000000
Games Bowfinger,7,4.9900000000000000
Gandhi Kwai,7,0.99000000000000000000
Gangs Pride,4,2.9900000000000000
Garden Island,3,4.9900000000000000
Gaslight Crusade,4,2.9900000000000000
Gathering Calendar,4,0.99000000000000000000
Gentlemen Stage,6,2.9900000000000000
Ghost Groundhog,6,4.9900000000000000
Ghostbusters Elf,7,0.99000000000000000000
Giant Troopers,5,2.9900000000000000
Gilbert Pelican,7,0.99000000000000000000
Gilmore Boiled,5,0.99000000000000000000
Gladiator Westward,6,4.9900000000000000
Glass Dying,4,0.99000000000000000000
Gleaming Jawbreaker,5,2.9900000000000000
Glory Tracy,7,2.9900000000000000
Go Purple,3,0.99000000000000000000
Godfather Diary,3,2.9900000000000000
Gold River,4,4.9900000000000000
Goldfinger Sensibility,3,0.99000000000000000000
Goldmine Tycoon,6,0.99000000000000000000
Gone Trouble,7,2.9900000000000000
Goodfellas Salute,4,4.9900000000000000
Gorgeous Bingo,4,2.9900000000000000
Gosford Donnie,5,4.9900000000000000
Graceland Dynamite,5,4.9900000000000000
Graduate Lord,7,2.9900000000000000
Graffiti Love,3,0.99000000000000000000
Grail Frankenstein,4,2.9900000000000000
Grapes Fury,4,0.99000000000000000000
Grease Youth,7,0.99000000000000000000
Greatest North,5,2.9900000000000000
Greedy Roots,7,0.99000000000000000000
Greek Everyone,7,2.9900000000000000
Grinch Massage,7,4.9900000000000000
Grit Clockwork,3,0.99000000000000000000
Groove Fiction,6,0.99000000000000000000
Grosse Wonderful,5,4.9900000000000000
Groundhog Uncut,6,4.9900000000000000
Gump Date,3,4.9900000000000000
Gun Bonnie,7,0.99000000000000000000
Gunfight Moon,5,0.99000000000000000000
Gunfighter Mussolini,3,2.9900000000000000
Guys Falcon,4,4.9900000000000000
Half Outfield,6,2.9900000000000000
Hall Cassidy,5,4.9900000000000000
Halloween Nuts,6,2.9900000000000000
Hamlet Wisdom,7,2.9900000000000000
Handicap Boondock,4,0.99000000000000000000
Hanging Deep,5,4.9900000000000000
Hanky October,5,2.9900000000000000
Hanover Galaxy,5,4.9900000000000000
Happiness United,6,2.9900000000000000
Hardly Robbers,7,2.9900000000000000
Harold French,6,0.99000000000000000000
Harper Dying,3,0.99000000000000000000
Harry Idaho,5,4.9900000000000000
Hate Handicap,4,0.99000000000000000000
Haunted Antitrust,6,4.9900000000000000
Haunting Pianist,5,0.99000000000000000000
Hawk Chill,5,0.99000000000000000000
Head Stranger,4,4.9900000000000000
Heartbreakers Bright,3,4.9900000000000000
Heaven Freedom,7,2.9900000000000000
Heavenly Gun,5,4.9900000000000000
Heavyweights Beast,6,4.9900000000000000
Hedwig Alter,7,2.9900000000000000
Hellfighters Sierra,3,2.9900000000000000
High Encino,3,2.9900000000000000
Highball Potter,6,0.99000000000000000000
Hills Neighbors,5,0.99000000000000000000
Hobbit Alien,5,0.99000000000000000000
Hocus Frida,4,2.9900000000000000
Holes Brannigan,7,4.9900000000000000
Holiday Games,7,4.9900000000000000
Hollow Jeopardy,7,4.9900000000000000
Hollywood Anonymous,7,0.99000000000000000000
Holocaust Highball,6,0.99000000000000000000
Holy Tadpole,6,0.99000000000000000000
Home Pity,7,4.9900000000000000
Homeward Cider,5,0.99000000000000000000
Homicide Peach,6,2.9900000000000000
Honey Ties,3,0.99000000000000000000
Hook Chariots,7,0.99000000000000000000
Hoosiers Birdcage,3,2.9900000000000000
Hope Tootsie,4,2.9900000000000000
Horn Working,4,2.9900000000000000
Horror Reign,3,0.99000000000000000000
Hotel Happiness,6,4.9900000000000000
Hours Rage,4,0.99000000000000000000
House Dynamite,7,2.9900000000000000
Human Graffiti,3,2.9900000000000000
Hunchback Impossible,4,4.9900000000000000
Hunger Roof,6,0.99000000000000000000
Hunter Alter,5,2.9900000000000000
Hunting Musketeers,6,2.9900000000000000
Hurricane Affair,6,2.9900000000000000
Hustler Party,3,4.9900000000000000
Hyde Doctor,5,2.9900000000000000
Hysterical Grail,5,4.9900000000000000
Ice Crossing,5,2.9900000000000000
Idaho Love,3,2.9900000000000000
Identity Lover,4,2.9900000000000000
Idols Snatchers,5,2.9900000000000000
Igby Maker,7,4.9900000000000000
Illusion Amelie,4,0.99000000000000000000
Image Princess,3,2.9900000000000000
Impact Aladdin,6,0.99000000000000000000
Impossible Prejudice,7,4.9900000000000000
Inch Jet,6,4.9900000000000000
Independence Hotel,5,0.99000000000000000000
Indian Love,4,0.99000000000000000000
Informer Double,4,4.9900000000000000
Innocent Usual,3,4.9900000000000000
Insects Stone,3,0.99000000000000000000
Insider Arizona,5,2.9900000000000000
Instinct Airport,4,2.9900000000000000
Intentions Empire,3,2.9900000000000000
Interview Liaisons,4,4.9900000000000000
Intolerable Intentions,6,4.9900000000000000
Intrigue Worst,6,0.99000000000000000000
Invasion Cyclone,5,2.9900000000000000
Iron Moon,7,4.9900000000000000
Ishtar Rocketeer,4,4.9900000000000000
Island Exorcist,7,2.9900000000000000
Italian African,3,4.9900000000000000
Jacket Frisco,5,2.9900000000000000
Jade Bunch,6,2.9900000000000000
Japanese Run,6,0.99000000000000000000
Jason Trap,5,2.9900000000000000
Jawbreaker Brooklyn,5,0.99000000000000000000
Jaws Harry,4,2.9900000000000000
Jedi Beneath,7,0.99000000000000000000
Jeepers Wedding,3,2.9900000000000000
Jekyll Frogmen,4,2.9900000000000000
Jeopardy Encino,3,0.99000000000000000000
Jericho Mulan,3,2.9900000000000000
Jerk Paycheck,3,2.9900000000000000
Jersey Sassy,6,4.9900000000000000
Jet Neighbors,7,4.9900000000000000
Jingle Sagebrush,6,4.9900000000000000
Joon Northwest,3,0.99000000000000000000
Juggler Hardly,4,0.99000000000000000000
Jumanji Blade,4,2.9900000000000000
Jumping Wrath,4,0.99000000000000000000
Jungle Closer,6,0.99000000000000000000
Kane Exorcist,5,0.99000000000000000000
Karate Moon,4,0.99000000000000000000
Kentuckian Giant,5,2.9900000000000000
Kick Savannah,3,0.99000000000000000000
Kill Brotherhood,4,0.99000000000000000000
Killer Innocent,7,2.9900000000000000
King Evolution,3,4.9900000000000000
Kiss Glory,5,4.9900000000000000
Kissing Dolls,3,4.9900000000000000
Knock Warlock,4,2.9900000000000000
Kramer Chocolate,3,2.9900000000000000
Kwai Homeward,5,0.99000000000000000000
Labyrinth League,6,2.9900000000000000
Lady Stage,4,4.9900000000000000
Ladybugs Armageddon,4,0.99000000000000000000
Lambs Cincinatti,6,4.9900000000000000
Language Cowboy,5,0.99000000000000000000
Lawless Vision,6,4.9900000000000000
Lawrence Love,7,0.99000000000000000000
League Hellfighters,5,4.9900000000000000
Leathernecks Dwarfs,6,2.9900000000000000
Lebowski Soldiers,6,2.9900000000000000
Legally Secretary,7,4.9900000000000000
Legend Jedi,7,0.99000000000000000000
Lesson Cleopatra,3,0.99000000000000000000
Liaisons Sweet,5,4.9900000000000000
Liberty Magnificent,3,2.9900000000000000
License Weekend,7,2.9900000000000000
Lies Treatment,7,4.9900000000000000
Life Twisted,4,2.9900000000000000
Lights Deer,7,0.99000000000000000000
Lion Uncut,6,0.99000000000000000000
Loathing Legally,4,0.99000000000000000000
Lock Rear,7,2.9900000000000000
Lola Agent,4,4.9900000000000000
Lolita World,4,2.9900000000000000
Lonely Elephant,3,2.9900000000000000
Lord Arizona,5,2.9900000000000000
Lose Inch,3,0.99000000000000000000
Loser Hustler,5,4.9900000000000000
Lost Bird,4,2.9900000000000000
Louisiana Harry,5,0.99000000000000000000
Love Suicides,6,0.99000000000000000000
Lovely Jingle,3,2.9900000000000000
Lover Truman,3,2.9900000000000000
Loverboy Attacks,7,0.99000000000000000000
Luck Opus,7,2.9900000000000000
Lucky Flying,7,2.9900000000000000
Luke Mummy,5,2.9900000000000000
Lust Lock,3,2.9900000000000000
Madigan Dorado,5,4.9900000000000000
Madison Trap,4,2.9900000000000000
Madness Attacks,4,0.99000000000000000000
Madre Gables,7,2.9900000000000000
Magic Mallrats,3,0.99000000000000000000
Magnificent Chitty,3,2.9900000000000000
Magnolia Forrester,4,0.99000000000000000000
Maguire Apache,6,2.9900000000000000
Maiden Home,3,4.9900000000000000
Majestic Floats,5,0.99000000000000000000
Maker Gables,4,0.99000000000000000000
Malkovich Pet,6,2.9900000000000000
Mallrats United,4,0.99000000000000000000
Maltese Hope,6,4.9900000000000000
Manchurian Curtain,5,2.9900000000000000
Mannequin Worst,3,2.9900000000000000
Married Go,7,2.9900000000000000
Mars Roman,6,0.99000000000000000000
Mask Peach,6,2.9900000000000000
Masked Bubble,6,0.99000000000000000000
Massacre Usual,6,4.9900000000000000
Massage Image,4,2.9900000000000000
Matrix Snowman,6,4.9900000000000000
Maude Mod,6,0.99000000000000000000
Meet Chocolate,3,2.9900000000000000
Memento Zoolander,4,4.9900000000000000
Menagerie Rushmore,7,2.9900000000000000
Mermaid Insects,5,4.9900000000000000
Metal Armageddon,6,2.9900000000000000
Metropolis Coma,4,2.9900000000000000
Microcosmos Paradise,6,2.9900000000000000
Midnight Westward,3,0.99000000000000000000
Midsummer Groundhog,3,4.9900000000000000
Mighty Luck,7,2.9900000000000000
Mile Mulan,4,0.99000000000000000000
Million Ace,4,4.9900000000000000
Minds Truman,3,4.9900000000000000
Mine Titans,3,4.9900000000000000
Minority Kiss,4,0.99000000000000000000
Miracle Virtual,3,2.9900000000000000
Mission Zoolander,3,4.9900000000000000
Mixed Doors,6,2.9900000000000000
Mob Duffel,4,0.99000000000000000000
Mockingbird Hollywood,4,0.99000000000000000000
Mod Secretary,6,4.9900000000000000
Model Fish,4,4.9900000000000000
Modern Dorado,3,0.99000000000000000000
Money Harold,3,2.9900000000000000
Monsoon Cause,6,4.9900000000000000
Monster Spartacus,6,2.9900000000000000
Monterey Labyrinth,6,0.99000000000000000000
Montezuma Command,6,0.99000000000000000000
Moon Bunch,7,0.99000000000000000000
Moonshine Cabin,4,4.9900000000000000
Moonwalker Fool,5,4.9900000000000000
Mosquito Armageddon,6,0.99000000000000000000
Mother Oleander,3,0.99000000000000000000
Motions Details,5,0.99000000000000000000
Moulin Wake,4,0.99000000000000000000
Mourning Purple,5,0.99000000000000000000
Movie Shakespeare,6,4.9900000000000000
Mulan Moon,4,0.99000000000000000000
Mulholland Beast,7,2.9900000000000000
Mummy Creatures,3,0.99000000000000000000
Muppet Mile,5,4.9900000000000000
Murder Antitrust,6,2.9900000000000000
Muscle Bright,7,2.9900000000000000
Music Boondock,7,0.99000000000000000000
Musketeers Wait,7,4.9900000000000000
Mussolini Spoilers,6,2.9900000000000000
Mystic Truman,5,0.99000000000000000000
Name Detective,5,4.9900000000000000
Nash Chocolat,6,2.9900000000000000
National Story,4,2.9900000000000000
Natural Stock,4,0.99000000000000000000
Necklace Outbreak,3,0.99000000000000000000
Neighbors Charade,3,0.99000000000000000000
Nemo Campus,5,2.9900000000000000
Network Peak,5,2.9900000000000000
Newsies Story,4,0.99000000000000000000
Newton Labyrinth,4,0.99000000000000000000
Nightmare Chill,3,4.9900000000000000
None Spiking,3,0.99000000000000000000
Noon Papi,5,2.9900000000000000
North Tequila,4,4.9900000000000000
Northwest Polish,5,2.9900000000000000
Notorious Reunion,7,0.99000000000000000000
Notting Speakeasy,7,0.99000000000000000000
Novocaine Flight,4,0.99000000000000000000
Nuts Ties,5,4.9900000000000000
October Submarine,6,4.9900000000000000
Odds Boogie,6,0.99000000000000000000
Oklahoma Jumanji,7,0.99000000000000000000
Oleander Clue,5,0.99000000000000000000
Open African,7,4.9900000000000000
Operation Operation,7,2.9900000000000000
Opposite Necklace,7,4.9900000000000000
Opus Ice,5,4.9900000000000000
Orange Grapes,4,0.99000000000000000000
Order Betrayed,7,2.9900000000000000
Orient Closer,3,2.9900000000000000
Oscar Gold,7,2.9900000000000000
Others Soup,7,2.9900000000000000
Outbreak Divine,6,0.99000000000000000000
Outfield Massacre,4,0.99000000000000000000
Outlaw Hanky,7,4.9900000000000000
Oz Liaisons,4,2.9900000000000000
Pacific Amistad,3,0.99000000000000000000
Packer Madigan,3,0.99000000000000000000
Pajama Jawbreaker,3,0.99000000000000000000
Panic Club,3,4.9900000000000000
Panky Submarine,4,4.9900000000000000
Panther Reds,5,4.9900000000000000
Papi Necklace,3,0.99000000000000000000
Paradise Sabrina,5,2.9900000000000000
Paris Weekend,7,2.9900000000000000
Park Citizen,3,4.9900000000000000
Party Knock,7,2.9900000000000000
Past Suicides,5,4.9900000000000000
Paths Control,3,4.9900000000000000
Patient Sister,7,0.99000000000000000000
Patriot Roman,6,2.9900000000000000
Patton Interview,4,2.9900000000000000
Paycheck Wait,4,4.9900000000000000
Peach Innocent,3,2.9900000000000000
Peak Forever,7,4.9900000000000000
Pearl Destiny,3,2.9900000000000000
Pelican Comforts,4,4.9900000000000000
Perdition Fargo,7,4.9900000000000000
Perfect Groove,7,2.9900000000000000
Personal Ladybugs,3,0.99000000000000000000
Pet Haunting,3,0.99000000000000000000
Phantom Glory,6,2.9900000000000000
Philadelphia Wife,7,4.9900000000000000
Pianist Outfield,6,0.99000000000000000000
Pickup Driving,3,2.9900000000000000
Pilot Hoosiers,6,2.9900000000000000
Pinocchio Simon,4,4.9900000000000000
Pirates Roxanne,4,0.99000000000000000000
Pittsburgh Hunchback,4,4.9900000000000000
Pity Bound,5,4.9900000000000000
Pizza Jumanji,4,2.9900000000000000
Platoon Instinct,6,4.9900000000000000
Pluto Oleander,5,4.9900000000000000
Pocus Pulp,6,0.99000000000000000000
Polish Brooklyn,6,0.99000000000000000000
Pollock Deliverance,5,2.9900000000000000
Pond Seattle,7,2.9900000000000000
Poseidon Forever,6,4.9900000000000000
Potluck Mixed,3,2.9900000000000000
Potter Connecticut,5,2.9900000000000000
Prejudice Oleander,6,4.9900000000000000
President Bang,6,4.9900000000000000
Pride Alamo,6,0.99000000000000000000
Primary Glass,7,0.99000000000000000000
Princess Giant,3,2.9900000000000000
Private Drop,7,4.9900000000000000
Prix Undefeated,4,2.9900000000000000
Psycho Shrunk,5,2.9900000000000000
Pulp Beverly,4,2.9900000000000000
Punk Divorce,6,4.9900000000000000
Pure Runner,3,2.9900000000000000
Purple Movie,4,2.9900000000000000
Queen Luke,5,4.9900000000000000
Quest Mussolini,5,2.9900000000000000
Quills Bull,4,4.9900000000000000
Racer Egg,7,2.9900000000000000
Rage Games,4,4.9900000000000000
Raging Airplane,4,4.9900000000000000
Raiders Antitrust,4,0.99000000000000000000
Rainbow Shock,3,4.9900000000000000
Random Go,6,2.9900000000000000
Range Moonwalker,3,4.9900000000000000
Reap Unfaithful,6,2.9900000000000000
Rear Trading,6,0.99000000000000000000
Rebel Airport,7,0.99000000000000000000
Records Zorro,7,4.9900000000000000
Redemption Comforts,3,2.9900000000000000
Reds Pocus,7,4.9900000000000000
Reef Salute,5,0.99000000000000000000
Reign Gentlemen,3,2.9900000000000000
Remember Diary,5,2.9900000000000000
Requiem Tycoon,6,4.9900000000000000
Reservoir Adaptation,7,2.9900000000000000
Resurrection Silverado,6,0.99000000000000000000
Reunion Witches,3,0.99000000000000000000
Rider Caddyshack,5,2.9900000000000000
Ridgemont Submarine,3,0.99000000000000000000
Right Cranes,7,4.9900000000000000
Rings Heartbreakers,5,0.99000000000000000000
River Outlaw,4,0.99000000000000000000
Road Roxanne,4,4.9900000000000000
Robbers Joon,7,2.9900000000000000
Robbery Bright,4,0.99000000000000000000
Rock Instinct,4,0.99000000000000000000
Rocketeer Mother,3,0.99000000000000000000
Rocky War,4,4.9900000000000000
Rollercoaster Bringing,5,2.9900000000000000
Roman Punk,7,0.99000000000000000000
Roof Champion,7,0.99000000000000000000
Room Roman,7,0.99000000000000000000
Roots Remember,4,0.99000000000000000000
Roses Treasure,5,4.9900000000000000
Rouge Squad,3,0.99000000000000000000
Roxanne Rebel,5,0.99000000000000000000
Rugrats Shakespeare,4,0.99000000000000000000
Rules Human,6,4.9900000000000000
Run Pacific,3,0.99000000000000000000
Runaway Tenenbaums,6,0.99000000000000000000
Runner Madigan,6,0.99000000000000000000
Rush Goodfellas,3,0.99000000000000000000
Rushmore Mermaid,6,2.9900000000000000
Sabrina Midnight,5,4.9900000000000000
Saddle Antitrust,7,2.9900000000000000
Sagebrush Clueless,4,2.9900000000000000
Saints Bride,5,2.9900000000000000
Salute Apollo,4,2.9900000000000000
Samurai Lion,5,2.9900000000000000
Santa Paris,7,2.9900000000000000
Sassy Packer,6,0.99000000000000000000
Satisfaction Confidential,3,4.9900000000000000
Saturday Lambs,3,4.9900000000000000
Saturn Name,7,4.9900000000000000
Savannah Town,5,0.99000000000000000000
Scalawag Duck,6,4.9900000000000000
Scarface Bang,3,4.9900000000000000
School Jacket,5,4.9900000000000000
Scissorhands Slums,5,2.9900000000000000
Scorpion Apollo,3,4.9900000000000000
Sea Virgin,4,2.9900000000000000
Seabiscuit Punk,6,2.9900000000000000
Searchers Wait,3,2.9900000000000000
Seattle Expecations,4,4.9900000000000000
Secret Groundhog,6,4.9900000000000000
Secretary Rouge,5,4.9900000000000000
Secrets Paradise,3,4.9900000000000000
Sense Greek,4,4.9900000000000000
Sensibility Rear,7,4.9900000000000000
Seven Swarm,4,4.9900000000000000
Shakespeare Saddle,6,2.9900000000000000
Shane Darkness,5,2.9900000000000000
Shanghai Tycoon,7,2.9900000000000000
Shawshank Bubble,6,4.9900000000000000
Shepherd Midsummer,7,0.99000000000000000000
Shining Roses,4,0.99000000000000000000
Ship Wonderland,5,2.9900000000000000
Shock Cabin,7,2.9900000000000000
Shootist Superfly,6,0.99000000000000000000
Show Lord,3,4.9900000000000000
Shrek License,7,2.9900000000000000
Shrunk Divine,6,2.9900000000000000
Side Ark,5,0.99000000000000000000
Siege Madre,7,0.99000000000000000000
Sierra Divide,3,0.99000000000000000000
Silence Kane,7,0.99000000000000000000
Silverado Goldfinger,4,4.9900000000000000
Simon North,3,0.99000000000000000000
Sinners Atlantis,7,2.9900000000000000
Sister Freddy,5,4.9900000000000000
Sky Miracle,7,2.9900000000000000
Slacker Liaisons,7,4.9900000000000000
Sleeping Suspects,7,4.9900000000000000
Sleepless Monsoon,5,4.9900000000000000
Sleepy Japanese,4,2.9900000000000000
Sleuth Orient,4,0.99000000000000000000
Sling Luke,5,0.99000000000000000000
Slipper Fidelity,5,0.99000000000000000000
Slums Duck,5,0.99000000000000000000
Smile Earring,4,2.9900000000000000
Smoking Barbarella,7,0.99000000000000000000
Smoochy Control,7,0.99000000000000000000
Snatch Slipper,6,4.9900000000000000
Snatchers Montezuma,4,2.9900000000000000
Snowman Rollercoaster,3,0.99000000000000000000
Soldiers Evolution,7,4.9900000000000000
Something Duck,4,4.9900000000000000
Song Hedwig,3,0.99000000000000000000
Sons Interview,3,2.9900000000000000
Sorority Queen,6,0.99000000000000000000
Soup Wisdom,6,0.99000000000000000000
South Wait,4,2.9900000000000000
Spartacus Cheaper,4,4.9900000000000000
Speakeasy Date,6,2.9900000000000000
Speed Suit,7,4.9900000000000000
Spice Sorority,5,4.9900000000000000
Spiking Element,7,2.9900000000000000
Spinal Rocky,7,2.9900000000000000
Spirit Flintstones,7,0.99000000000000000000
Spirited Casualties,5,0.99000000000000000000
Splash Gump,5,0.99000000000000000000
Splendor Patton,5,0.99000000000000000000
Spoilers Hellfighters,4,0.99000000000000000000
Spy Mile,6,2.9900000000000000
Squad Fish,3,2.9900000000000000
Stage World,4,2.9900000000000000
Stagecoach Armageddon,5,4.9900000000000000
Stallion Sundance,5,0.99000000000000000000
Stampede Disturbing,5,0.99000000000000000000
Star Operation,5,2.9900000000000000
State Wasteland,4,2.9900000000000000
Steel Santa,4,4.9900000000000000
Steers Armageddon,6,4.9900000000000000
Stepmom Dream,7,4.9900000000000000
Sting Personal,3,4.9900000000000000
Stock Glass,7,2.9900000000000000
Stone Fire,3,0.99000000000000000000
Storm Happiness,6,0.99000000000000000000
Story Side,7,0.99000000000000000000
Straight Hours,3,0.99000000000000000000
Strangelove Desire,4,0.99000000000000000000
Stranger Strangers,3,4.9900000000000000
Strangers Graffiti,4,4.9900000000000000
Streak Ridgemont,7,0.99000000000000000000
Streetcar Intentions,5,4.9900000000000000
Strictly Scarface,3,2.9900000000000000
Submarine Bed,5,4.9900000000000000
Sugar Wonka,3,4.9900000000000000
Suicides Silence,4,4.9900000000000000
Suit Walls,3,4.9900000000000000
Summer Scarface,5,0.99000000000000000000
Sun Confessions,5,0.99000000000000000000
Sundance Invasion,5,0.99000000000000000000
Sunrise League,3,4.9900000000000000
Sunset Racer,6,0.99000000000000000000
Super Wyoming,5,4.9900000000000000
Superfly Trip,5,0.99000000000000000000
Suspects Quills,4,2.9900000000000000
Swarm Gold,4,0.99000000000000000000
Sweden Shining,6,4.9900000000000000
Sweet Brotherhood,3,2.9900000000000000
Sweethearts Suspects,3,0.99000000000000000000
Tadpole Park,6,2.9900000000000000
Talented Homicide,6,0.99000000000000000000
Tarzan Videotape,3,2.9900000000000000
Taxi Kick,4,0.99000000000000000000
Teen Apollo,3,4.9900000000000000
Telegraph Voyage,3,4.9900000000000000
Telemark Heartbreakers,6,2.9900000000000000
Temple Attraction,5,4.9900000000000000
Tenenbaums Command,4,0.99000000000000000000
Tequila Past,6,4.9900000000000000
Terminator Club,5,4.9900000000000000
Texas Watch,7,0.99000000000000000000
Theory Mermaid,5,0.99000000000000000000
Thief Pelican,5,4.9900000000000000
Thin Sagebrush,5,4.9900000000000000
Ties Hunger,3,4.9900000000000000
Tights Dawn,5,0.99000000000000000000
Timberland Sky,3,0.99000000000000000000
Titanic Boondock,3,4.9900000000000000
Titans Jerk,4,4.9900000000000000
Tomatoes Hellfighters,6,0.99000000000000000000
Tomorrow Hustler,3,2.9900000000000000
Tootsie Pilot,3,0.99000000000000000000
Torque Bound,3,4.9900000000000000
Tourist Pelican,4,4.9900000000000000
Towers Hurricane,7,0.99000000000000000000
Town Ark,6,2.9900000000000000
Tracy Cider,3,0.99000000000000000000
Trading Pinocchio,6,4.9900000000000000
Traffic Hobbit,5,4.9900000000000000
Train Bunch,3,4.9900000000000000
Trainspotting Strangers,7,4.9900000000000000
Tramp Others,4,0.99000000000000000000
Translation Summer,4,0.99000000000000000000
Trap Guys,3,4.9900000000000000
Treasure Command,3,0.99000000000000000000
Treatment Jekyll,3,0.99000000000000000000
Trip Newton,7,4.9900000000000000
Trojan Tomorrow,3,2.9900000000000000
Troopers Metal,3,0.99000000000000000000
Trouble Date,6,2.9900000000000000
Truman Crazy,7,4.9900000000000000
Turn Star,3,2.9900000000000000
Tuxedo Mile,3,2.9900000000000000
Twisted Pirates,4,4.9900000000000000
Tycoon Gathering,3,4.9900000000000000
Unbreakable Karate,3,0.99000000000000000000
Uncut Suicides,7,2.9900000000000000
Undefeated Dalmations,7,4.9900000000000000
Unfaithful Kill,7,2.9900000000000000
Unforgiven Zoolander,7,0.99000000000000000000
United Pilot,3,0.99000000000000000000
Untouchables Sunrise,5,2.9900000000000000
Uprising Uptown,6,2.9900000000000000
Uptown Young,5,2.9900000000000000
Usual Untouchables,5,4.9900000000000000
Vacation Boondock,4,2.9900000000000000
Valentine Vanishing,7,0.99000000000000000000
Valley Packer,3,0.99000000000000000000
Vampire Whale,4,4.9900000000000000
Vanilla Day,7,4.9900000000000000
Vanished Garden,5,0.99000000000000000000
Vanishing Rocky,3,2.9900000000000000
Varsity Trip,7,2.9900000000000000
Velvet Terminator,3,4.9900000000000000
Vertigo Northwest,4,2.9900000000000000
Victory Academy,6,0.99000000000000000000
Videotape Arsenic,4,4.9900000000000000
Vietnam Smoochy,7,0.99000000000000000000
Villain Desperate,4,4.9900000000000000
Virgin Daisy,6,4.9900000000000000
Virginian Pluto,5,0.99000000000000000000
Virtual Spoilers,3,4.9900000000000000
Vision Torque,5,0.99000000000000000000
Voice Peach,6,0.99000000000000000000
Volcano Texas,6,0.99000000000000000000
Volume House,7,4.9900000000000000
Voyage Legally,6,0.99000000000000000000
Wagon Jaws,7,2.9900000000000000
Wait Cider,3,0.99000000000000000000
Wake Jaws,7,4.9900000000000000
Walls Artist,7,4.9900000000000000
Wanda Chamber,7,4.9900000000000000
War Notting,7,4.9900000000000000
Wardrobe Phantom,6,2.9900000000000000
Warlock Werewolf,6,2.9900000000000000
Wars Pluto,5,2.9900000000000000
Wash Heavenly,7,4.9900000000000000
Wasteland Divine,7,2.9900000000000000
Watch Tracy,5,0.99000000000000000000
Waterfront Deliverance,4,4.9900000000000000
Watership Frontier,6,0.99000000000000000000
Wedding Apollo,3,0.99000000000000000000
Weekend Personal,5,2.9900000000000000
Werewolf Lola,6,4.9900000000000000
West Lion,4,4.9900000000000000
Westward Seabiscuit,7,0.99000000000000000000
Whale Bikini,4,4.9900000000000000
Whisperer Giant,4,4.9900000000000000
Wife Turn,3,4.9900000000000000
Wild Apollo,4,0.99000000000000000000
Willow Tracy,6,2.9900000000000000
Wind Phantom,6,0.99000000000000000000
Window Side,3,2.9900000000000000
Wisdom Worker,3,0.99000000000000000000
Witches Panic,6,4.9900000000000000
Wizard Coldblooded,4,4.9900000000000000
Wolves Desire,7,0.99000000000000000000
Women Dorado,4,0.99000000000000000000
Won Dares,7,2.9900000000000000
Wonderful Drop,3,2.9900000000000000
Wonderland Christmas,4,4.9900000000000000
Wonka Sea,6,2.9900000000000000
Words Hunter,3,2.9900000000000000
Worker Tarzan,7,2.9900000000000000
Working Microcosmos,4,4.9900000000000000
World Leathernecks,3,0.99000000000000000000
Worst Banger,4,2.9900000000000000
Wrath Mile,5,0.99000000000000000000
Wrong Behavior,6,2.9900000000000000
Wyoming Storm,6,4.9900000000000000
Yentl Idaho,5,4.9900000000000000
Young Language,6,0.99000000000000000000
Youth Kick,4,0.99000000000000000000
Zhivago Core,6,0.99000000000000000000
Zoolander Fiction,5,2.9900000000000000
Zorro Ark,3,4.9900000000000000
